task,time
0_0_start,1585347739.1232002
0_0,1585347748.4994812
0_0,1585347752.8345459
0_0_stop,1585347757.87084
1_0_start,1585347787.9054518
1_0,1585347806.700568
1_0,1585347807.7774055
1_0,1585347809.9310338
1_0,1585347810.8989463
1_0_stop,1585347815.439567
0_1_start,1585347845.4744408
0_1,1585347854.1284864
0_1,1585347856.8378456
0_1_stop,1585347862.0062776
1_1_start,1585347892.0406516
1_1,1585347899.709096
1_1,1585347900.788092
1_1,1585347901.703764
1_1,1585347902.606663
1_1,1585347903.4969544
1_1,1585347904.4076424
1_1_stop,1585347907.8205717
0_2_start,1585347937.8554442
0_2,1585347946.703874
0_2,1585347949.827038
0_2_stop,1585347955.3909104
1_2_start,1585347985.4253147
1_2,1585347993.100622
1_2,1585347994.115621
1_2,1585347995.0637167
1_2,1585347995.9230616
1_2,1585347996.8296807
1_2,1585347997.7182884
1_2_stop,1585348000.8458178
