task,time
0_0_start,1585348477.7131028
0_0,1585348485.3979335
0_0,1585348488.3222742
0_0_stop,1585348493.5600443
1_0_start,1585348523.5943136
1_0,1585348531.9298105
1_0,1585348532.98021
1_0,1585348534.013611
1_0,1585348534.9867315
1_0,1585348535.9472609
1_0,1585348536.8444176
1_0_stop,1585348539.900714
0_1_start,1585348569.9353423
0_1,1585348578.4111602
0_1,1585348581.7045631
0_1_stop,1585348586.668754
1_1_start,1585348616.7030895
1_1,1585348625.2868927
1_1,1585348626.2973404
1_1,1585348627.1892464
1_1,1585348628.1134765
1_1,1585348628.9784217
1_1,1585348629.8949752
1_1_stop,1585348633.2537537
0_2_start,1585348663.293951
0_2,1585348671.7719986
0_2,1585348674.6712375
0_2_stop,1585348679.3506873
1_2_start,1585348709.3851242
1_2,1585348717.741135
1_2,1585348718.7831228
1_2,1585348719.6873016
1_2,1585348720.5883682
1_2,1585348721.4661598
1_2,1585348722.354432
1_2_stop,1585348725.4732068
