task,time
0_0_start,1589563314.415202
0_0,1589563327.9559445
0_0,1589563331.573719
0_0_stop,1589563337.8459656
1_0_start,1589563367.8802452
1_0,1589563377.0441306
1_0,1589563378.19303
1_0,1589563379.1167855
1_0,1589563380.0448394
1_0,1589563380.9331837
1_0,1589563381.7465465
1_0_stop,1589563385.0312219
0_1_start,1589563415.0654516
0_1,1589563423.536277
0_1,1589563426.2640665
0_1_stop,1589563431.1195667
1_1_start,1589563461.154074
1_1,1589563469.818135
1_1,1589563470.8313541
1_1,1589563471.7503016
1_1,1589563472.6974394
1_1,1589563473.6253302
1_1,1589563474.5133355
1_1_stop,1589563477.8037493
0_2_start,1589563507.838021
0_2,1589563516.3984149
0_2,1589563519.3470101
0_2_stop,1589563528.9947393
1_2_start,1589563559.029233
1_2,1589563567.5653746
1_2,1589563568.5851512
1_2,1589563569.5014107
1_2,1589563570.3971887
1_2,1589563571.22637
1_2,1589563572.102092
1_2_stop,1589563578.0176876
